{
    "AIC": 591.0905301214766,
    "Ljung-Box p-value (lag 10)": 0.9730479065550083,
    "MAE": 5.684251082603896,
    "RMSE": 7.265272531876236,
    "MAPE": 5.109895864393473
}