{
    "AIC": 908590.0961111805,
    "Ljung-Box p-value (lag 10)": 1.93877705016935e-50,
    "MAE": 18804.466006875497,
    "RMSE": 21323.561329423654,
    "MAPE": 30.970157978958294
}